CMPLNT_NUM,CMPLNT_FR_DT,CMPLNT_FR_TM,CMPLNT_TO_DT,CMPLNT_TO_TM,RPT_DT,KY_CD,OFNS_DESC,PD_CD,PD_DESC,CRM_ATPT_CPTD_CD,LAW_CAT_CD,JURIS_DESC,BORO_NM,ADDR_PCT_CD,LOC_OF_OCCUR_DESC,PREM_TYP_DESC,PARKS_NM,HADEVELOPT,X_COORD_CD,Y_COORD_CD,Latitude,Longitude,Lat_Lon
807539955,01/01/2016,12:00:00,01/24/2018,17:00:00,01/24/2018,361,OFF. AGNST PUB ORD SENSBLTY &,639,AGGRAVATED HARASSMENT 2,COMPLETED,MISDEMEANOR,N.Y. POLICE DEPT,MANHATTAN,18,INSIDE,RESIDENCE - APT. HOUSE,,,"988,085","217,902",40.764774473000045,-73.986157253,"(40.764774473000045, -73.986157253)"
908438691,01/01/2016,10:00:00,02/11/2018,16:00:00,02/11/2018,578,HARRASSMENT 2,638,"HARASSMENT,SUBD 3,4,5",COMPLETED,VIOLATION,N.Y. POLICE DEPT,MANHATTAN,24,INSIDE,RESIDENCE - APT. HOUSE,,,"993,373","229,301",40.79605784000006,-73.96705230699997,"(40.79605784000006, -73.96705230699997)"
713483285,01/01/2016,00:00:00,02/15/2018,19:30:00,02/16/2018,112,THEFT-FRAUD,739,"FRAUD,UNCLASSIFIED-FELONY",COMPLETED,FELONY,N.Y. POLICE DEPT,MANHATTAN,32,INSIDE,RESIDENCE - APT. HOUSE,,,"1,001,374","238,163",40.82036969600006,-73.93813284599996,"(40.82036969600006, -73.93813284599996)"
178447094,01/01/2016,08:00:00,03/18/2017,17:00:00,02/21/2018,109,GRAND LARCENY,420,"LARCENY,GRAND BY OPEN/COMPROMISE CELL PHONE ACCT",COMPLETED,FELONY,N.Y. POLICE DEPT,MANHATTAN,34,INSIDE,RESIDENCE - APT. HOUSE,,,"1,001,606","251,324",40.85649236300002,-73.93726057999999,"(40.85649236300002, -73.93726057999999)"
911003056,01/01/2016,12:00:00,02/16/2018,12:00:00,02/28/2018,109,GRAND LARCENY,407,"LARCENY,GRAND BY DISHONEST EMP",COMPLETED,FELONY,N.Y. POLICE DEPT,MANHATTAN,20,INSIDE,OTHER,,,"989,731","222,727",40.77801697500007,-73.98021132399998,"(40.77801697500007, -73.98021132399998)"
872986408,01/01/2016,00:01:00,12/31/2017,23:59:00,03/05/2018,233,SEX CRIMES,170,"SEXUAL MISCONDUCT,INTERCOURSE",ATTEMPTED,MISDEMEANOR,N.Y. HOUSING POLICE,MANHATTAN,33,INSIDE,RESIDENCE - PUBLIC HOUSING,,,"1,001,936","245,282",40.83990820100007,-73.93608358699998,"(40.83990820100007, -73.93608358699998)"
823238722,01/01/2016,12:00:00,,,10/09/2018,233,SEX CRIMES,175,"SEXUAL ABUSE 3,2",COMPLETED,MISDEMEANOR,N.Y. POLICE DEPT,MANHATTAN,32,INSIDE,RESIDENCE - APT. HOUSE,,,"999,358","236,472",40.81573205300003,-73.94542041099999,"(40.81573205300003, -73.94542041099999)"
856491353,01/01/2016,00:01:00,12/31/2016,23:59:00,10/14/2018,112,THEFT-FRAUD,739,"FRAUD,UNCLASSIFIED-FELONY",COMPLETED,FELONY,N.Y. POLICE DEPT,MANHATTAN,1,INSIDE,CLOTHING/BOUTIQUE,,,"981,219","196,746",40.70670677700008,-74.01093370399997,"(40.70670677700008, -74.01093370399997)"
429976719,01/01/2016,08:00:00,05/31/2018,00:55:00,11/12/2018,233,SEX CRIMES,175,"SEXUAL ABUSE 3,2",COMPLETED,MISDEMEANOR,N.Y. POLICE DEPT,MANHATTAN,28,INSIDE,RESIDENCE - APT. HOUSE,,,"997,376","233,927",40.80874990400008,-73.95258580599993,"(40.80874990400008, -73.95258580599993)"
415011862,01/01/2016,12:00:00,12/05/2018,12:00:00,12/18/2018,112,THEFT-FRAUD,739,"FRAUD,UNCLASSIFIED-FELONY",COMPLETED,FELONY,N.Y. POLICE DEPT,MANHATTAN,9,INSIDE,RESIDENCE - APT. HOUSE,,,"990,563","203,120",40.72420015400007,-73.97722564299994,"(40.72420015400007, -73.97722564299994)"
824246033,01/01/2016,02:00:00,,,12/19/2018,348,VEHICLE AND TRAFFIC LAWS,916,LEAVING SCENE-ACCIDENT-PERSONA,COMPLETED,MISDEMEANOR,N.Y. POLICE DEPT,MANHATTAN,9,FRONT OF,STREET,,,"987,184","205,840",40.73166765800004,-73.98941508699994,"(40.73166765800004, -73.98941508699994)"
194735658,01/04/2016,12:00:00,01/04/2016,23:00:00,01/11/2018,109,GRAND LARCENY,422,"LARCENY,GRAND BY OPEN CREDIT CARD (NEW ACCT)",COMPLETED,FELONY,N.Y. POLICE DEPT,MANHATTAN,34,INSIDE,RESIDENCE - APT. HOUSE,,,"1,005,250","254,388",40.86489420400005,-73.92407814999996,"(40.86489420400005, -73.92407814999996)"
707109349,01/05/2016,08:00:00,07/02/2018,19:50:00,07/02/2018,109,GRAND LARCENY,424,"LARCENY,GRAND BY CREDIT CARD ACCT COMPROMISE-EXISTING ACCT",COMPLETED,FELONY,N.Y. POLICE DEPT,MANHATTAN,30,INSIDE,RESIDENCE - APT. HOUSE,,,"1,000,355","241,599",40.82980245500005,-73.94180622099998,"(40.82980245500005, -73.94180622099998)"
851536595,01/08/2016,12:00:00,01/08/2016,12:05:00,05/17/2018,109,GRAND LARCENY,439,"LARCENY,GRAND FROM OPEN AREAS, UNATTENDED",COMPLETED,FELONY,N.Y. POLICE DEPT,MANHATTAN,13,INSIDE,RESIDENCE - APT. HOUSE,,,"985,850","210,155",40.74351160900005,-73.99422735499998,"(40.74351160900005, -73.99422735499998)"
958836431,01/15/2016,03:00:00,06/29/2017,05:00:00,10/16/2018,109,GRAND LARCENY,407,"LARCENY,GRAND BY DISHONEST EMP",COMPLETED,FELONY,N.Y. POLICE DEPT,MANHATTAN,13,INSIDE,CHAIN STORE,,,"988,262","208,819",40.73984385600005,-73.98552370799997,"(40.73984385600005, -73.98552370799997)"
593729757,01/18/2016,07:44:00,01/18/2018,07:47:00,01/18/2018,341,PETIT LARCENY,333,"LARCENY,PETIT FROM STORE-SHOPL",COMPLETED,MISDEMEANOR,N.Y. POLICE DEPT,MANHATTAN,28,INSIDE,DRUG STORE,,,"998,151","234,236",40.80959683800006,-73.94978559799995,"(40.80959683800006, -73.94978559799995)"
836043121,01/24/2016,12:19:00,09/01/2018,04:42:00,09/01/2018,344,ASSAULT 3 & RELATED OFFENSES,101,ASSAULT 3,COMPLETED,MISDEMEANOR,N.Y. POLICE DEPT,MANHATTAN,34,INSIDE,RESIDENCE - APT. HOUSE,,,"1,004,299","250,428",40.85402740600006,-73.92752823399996,"(40.85402740600006, -73.92752823399996)"
881300600,01/25/2016,12:00:00,03/25/2018,01:00:00,03/30/2018,361,OFF. AGNST PUB ORD SENSBLTY &,639,AGGRAVATED HARASSMENT 2,COMPLETED,MISDEMEANOR,N.Y. POLICE DEPT,MANHATTAN,6,INSIDE,,,,"984,037","205,508",40.730756883000026,-74.00076997599997,"(40.730756883000026, -74.00076997599997)"
726809803,01/28/2016,12:58:00,01/28/2018,13:12:00,01/28/2018,578,HARRASSMENT 2,638,"HARASSMENT,SUBD 3,4,5",COMPLETED,VIOLATION,N.Y. POLICE DEPT,MANHATTAN,19,INSIDE,RESIDENCE - APT. HOUSE,,,"997,293","221,326",40.77416367500007,-73.95291009799998,"(40.77416367500007, -73.95291009799998)"
254166325,01/28/2016,10:00:00,01/28/2018,11:00:00,01/29/2018,365,ADMINISTRATIVE CODE,878,"ADM.CODE,UNCLASSIFIED MISDEMEA",COMPLETED,MISDEMEANOR,N.Y. POLICE DEPT,MANHATTAN,28,FRONT OF,RESIDENCE - APT. HOUSE,,,"996,600","231,435",40.80191116900005,-73.95539356899997,"(40.80191116900005, -73.95539356899997)"
980378611,02/01/2016,08:00:00,01/29/2018,18:00:00,01/30/2018,361,OFF. AGNST PUB ORD SENSBLTY &,639,AGGRAVATED HARASSMENT 2,COMPLETED,MISDEMEANOR,N.Y. POLICE DEPT,MANHATTAN,18,INSIDE,COMMERCIAL BUILDING,,,"989,736","216,243",40.760220074000074,-73.98019856199994,"(40.760220074000074, -73.98019856199994)"
663639563,02/01/2016,00:01:00,06/30/2016,23:59:00,07/18/2018,104,RAPE,157,RAPE 1,COMPLETED,FELONY,N.Y. POLICE DEPT,MANHATTAN,26,INSIDE,,,,"996,241","236,149",40.81485028900005,-73.95668184799997,"(40.81485028900005, -73.95668184799997)"
539064060,02/09/2016,12:00:00,02/13/2016,20:00:00,03/22/2018,104,RAPE,157,RAPE 1,COMPLETED,FELONY,N.Y. HOUSING POLICE,MANHATTAN,32,INSIDE,RESIDENCE - PUBLIC HOUSING,,,"999,358","236,472",40.81573205300003,-73.94542041099999,"(40.81573205300003, -73.94542041099999)"
407166170,02/11/2016,08:00:00,02/11/2016,20:00:00,04/17/2018,112,THEFT-FRAUD,739,"FRAUD,UNCLASSIFIED-FELONY",COMPLETED,FELONY,N.Y. POLICE DEPT,MANHATTAN,25,INSIDE,PUBLIC BUILDING,,,"1,001,797","232,216",40.80404600700007,-73.93662010299995,"(40.80404600700007, -73.93662010299995)"
676532146,02/14/2016,10:00:00,02/15/2016,12:00:00,02/16/2018,344,ASSAULT 3 & RELATED OFFENSES,101,ASSAULT 3,COMPLETED,MISDEMEANOR,N.Y. TRANSIT POLICE,MANHATTAN,7,,TRANSIT - NYC SUBWAY,,,"987,206","199,455",40.71414236700008,-73.98933851099997,"(40.71414236700008, -73.98933851099997)"
792217800,02/16/2016,12:30:00,02/23/2016,23:00:00,02/10/2018,341,PETIT LARCENY,347,PETIT LARCENY-CHECK FROM MAILB,COMPLETED,MISDEMEANOR,N.Y. POLICE DEPT,MANHATTAN,34,,MAILBOX OUTSIDE,,,"1,004,811","253,066",40.86126674800005,-73.92566936399999,"(40.86126674800005, -73.92566936399999)"
540300431,02/16/2016,13:48:00,,,08/27/2018,109,GRAND LARCENY,420,"LARCENY,GRAND BY OPEN/COMPROMISE CELL PHONE ACCT",COMPLETED,FELONY,N.Y. POLICE DEPT,MANHATTAN,17,INSIDE,RESIDENCE - APT. HOUSE,,,"990,371","210,322",40.74396800900007,-73.97791178299997,"(40.74396800900007, -73.97791178299997)"
267580625,02/23/2016,12:00:00,06/06/2018,12:00:00,06/14/2018,112,THEFT-FRAUD,739,"FRAUD,UNCLASSIFIED-FELONY",COMPLETED,FELONY,N.Y. POLICE DEPT,MANHATTAN,34,INSIDE,RESIDENCE - APT. HOUSE,,,"1,005,947","254,944",40.866418569000075,-73.92155642099993,"(40.866418569000075, -73.92155642099993)"
629044935,02/23/2016,12:00:00,06/06/2018,12:00:00,06/14/2018,109,GRAND LARCENY,432,"LARCENY,GRAND BY IDENTITY THEFT-UNCLASSIFIED",COMPLETED,FELONY,N.Y. POLICE DEPT,MANHATTAN,34,INSIDE,RESIDENCE - APT. HOUSE,,,"1,005,947","254,944",40.866418569000075,-73.92155642099993,"(40.866418569000075, -73.92155642099993)"
856704542,02/28/2016,07:09:00,02/28/2018,07:09:00,02/28/2018,109,GRAND LARCENY,403,"LARCENY,GRAND BY BANK ACCT COMPROMISE-REPRODUCED CHECK",COMPLETED,FELONY,N.Y. POLICE DEPT,MANHATTAN,33,INSIDE,MAILBOX INSIDE,,,"1,001,540","244,426",40.83755951500007,-73.93751695299993,"(40.83755951500007, -73.93751695299993)"
847129382,02/29/2016,15:39:00,01/31/2018,12:00:00,01/31/2018,361,OFF. AGNST PUB ORD SENSBLTY &,639,AGGRAVATED HARASSMENT 2,COMPLETED,MISDEMEANOR,N.Y. POLICE DEPT,MANHATTAN,18,INSIDE,GYM/FITNESS FACILITY,,,"986,636","219,002",40.767794199000036,-73.99138769399997,"(40.767794199000036, -73.99138769399997)"
607729109,03/01/2016,14:00:00,01/21/2018,20:30:00,01/21/2018,361,OFF. AGNST PUB ORD SENSBLTY &,639,AGGRAVATED HARASSMENT 2,COMPLETED,MISDEMEANOR,N.Y. POLICE DEPT,MANHATTAN,30,INSIDE,RESIDENCE - APT. HOUSE,,,"998,060","240,479",40.82673226100008,-73.95010148099993,"(40.82673226100008, -73.95010148099993)"
623636864,03/01/2016,00:01:00,03/30/2018,15:30:00,04/04/2018,109,GRAND LARCENY,407,"LARCENY,GRAND BY DISHONEST EMP",COMPLETED,FELONY,N.Y. POLICE DEPT,MANHATTAN,13,INSIDE,RESIDENCE - APT. HOUSE,,,"991,204","206,293",40.73290878500006,-73.97490978999997,"(40.73290878500006, -73.97490978999997)"
150415238,03/02/2016,17:32:00,03/02/2016,17:48:00,02/01/2018,341,PETIT LARCENY,339,"LARCENY,PETIT FROM OPEN AREAS,",COMPLETED,MISDEMEANOR,N.Y. TRANSIT POLICE,MANHATTAN,1,,TRANSIT - NYC SUBWAY,,,"982,466","197,787",40.709564416000035,-74.00643628099994,"(40.709564416000035, -74.00643628099994)"
457966361,03/02/2016,12:00:00,03/31/2016,12:00:00,08/06/2018,109,GRAND LARCENY,437,"LARCENY,GRAND BY FALSE PROMISE-IN PERSON CONTACT",COMPLETED,FELONY,N.Y. POLICE DEPT,MANHATTAN,18,INSIDE,JEWELRY,,,"990,251","215,062",40.756978196000034,-73.97834061299993,"(40.756978196000034, -73.97834061299993)"
161017099,03/03/2016,12:07:00,07/13/2018,13:00:00,09/21/2018,578,HARRASSMENT 2,638,"HARASSMENT,SUBD 3,4,5",COMPLETED,VIOLATION,N.Y. POLICE DEPT,MANHATTAN,14,INSIDE,CLOTHING/BOUTIQUE,,,"987,587","212,403",40.749681321000025,-73.98795774099993,"(40.749681321000025, -73.98795774099993)"
280715700,03/10/2016,18:00:00,03/10/2016,18:00:00,05/23/2018,578,HARRASSMENT 2,638,"HARASSMENT,SUBD 3,4,5",COMPLETED,VIOLATION,N.Y. POLICE DEPT,MANHATTAN,17,,STREET,,,"994,001","216,161",40.75999133100004,-73.96480325499994,"(40.75999133100004, -73.96480325499994)"
915787960,03/15/2016,14:00:00,03/15/2018,14:15:00,03/16/2018,578,HARRASSMENT 2,638,"HARASSMENT,SUBD 3,4,5",COMPLETED,VIOLATION,N.Y. POLICE DEPT,MANHATTAN,33,FRONT OF,RESIDENCE - APT. HOUSE,,,"1,001,188","248,123",40.84770738000003,-73.93877971099994,"(40.84770738000003, -73.93877971099994)"
796526733,03/15/2016,00:01:00,03/15/2016,23:59:00,09/29/2018,233,SEX CRIMES,170,"SEXUAL MISCONDUCT,INTERCOURSE",COMPLETED,MISDEMEANOR,N.Y. POLICE DEPT,MANHATTAN,25,INSIDE,RESIDENCE-HOUSE,,,"1,000,555","230,994",40.800694331000045,-73.94110928599997,"(40.800694331000045, -73.94110928599997)"
776027254,03/16/2016,15:01:00,10/01/2018,15:01:00,10/02/2018,125,NYS LAWS-UNCLASSIFIED FELONY,847,"NY STATE LAWS,UNCLASSIFIED FEL",COMPLETED,FELONY,N.Y. POLICE DEPT,MANHATTAN,5,INSIDE,PUBLIC BUILDING,,,"983,903","200,257",40.71634415200003,-74.00125319299997,"(40.71634415200003, -74.00125319299997)"
269874705,03/19/2016,05:00:00,03/19/2016,07:00:00,10/01/2018,104,RAPE,157,RAPE 1,COMPLETED,FELONY,N.Y. POLICE DEPT,MANHATTAN,33,INSIDE,RESIDENCE - APT. HOUSE,,,"1,001,936","245,282",40.83990820100007,-73.93608358699998,"(40.83990820100007, -73.93608358699998)"
435613200,03/23/2016,20:20:00,03/23/2018,20:26:00,03/23/2018,578,HARRASSMENT 2,637,"HARASSMENT,SUBD 1,CIVILIAN",COMPLETED,VIOLATION,N.Y. POLICE DEPT,MANHATTAN,19,INSIDE,TAXI (YELLOW LICENSED),,,"997,016","219,318",40.768652643000046,-73.95391401199998,"(40.768652643000046, -73.95391401199998)"
797151145,03/29/2016,12:00:00,03/24/2018,19:00:00,04/26/2018,109,GRAND LARCENY,412,"LARCENY,GRAND FROM RESIDENCE, UNATTENDED",COMPLETED,FELONY,N.Y. POLICE DEPT,MANHATTAN,19,INSIDE,RESIDENCE - APT. HOUSE,,,"998,583","222,146",40.77641236200003,-73.94825084599995,"(40.77641236200003, -73.94825084599995)"
594527773,04/01/2016,00:01:00,04/30/2018,23:59:00,05/29/2018,104,RAPE,157,RAPE 1,COMPLETED,FELONY,N.Y. POLICE DEPT,MANHATTAN,34,,STREET,,,"1,002,106","249,501",40.85148777400008,-73.93545796699993,"(40.85148777400008, -73.93545796699993)"
696828058,04/01/2016,07:00:00,12/05/2018,17:00:00,12/25/2018,109,GRAND LARCENY,407,"LARCENY,GRAND BY DISHONEST EMP",COMPLETED,FELONY,N.Y. POLICE DEPT,MANHATTAN,20,INSIDE,RESIDENCE - APT. HOUSE,,,"988,877","223,978",40.781451127000025,-73.98329398199996,"(40.781451127000025, -73.98329398199996)"
206843252,04/02/2016,00:30:00,04/02/2016,01:00:00,10/22/2018,104,RAPE,157,RAPE 1,COMPLETED,FELONY,N.Y. POLICE DEPT,MANHATTAN,13,INSIDE,HOTEL/MOTEL,,,"988,874","207,673",40.736698070000045,-73.98331602599995,"(40.736698070000045, -73.98331602599995)"
462985519,04/03/2016,14:00:00,04/03/2018,14:20:00,04/09/2018,578,HARRASSMENT 2,637,"HARASSMENT,SUBD 1,CIVILIAN",COMPLETED,VIOLATION,N.Y. HOUSING POLICE,MANHATTAN,23,INSIDE,RESIDENCE - PUBLIC HOUSING,,,"999,614","227,020",40.78978846500007,-73.94451718099998,"(40.78978846500007, -73.94451718099998)"
877138773,04/04/2016,09:00:00,01/29/2018,10:55:00,03/02/2018,109,GRAND LARCENY,426,"LARCENY,GRAND BY BANK ACCT COMPROMISE-TELLER",COMPLETED,FELONY,N.Y. POLICE DEPT,MANHATTAN,20,INSIDE,RESIDENCE - APT. HOUSE,,,"989,004","220,120",40.77086186300004,-73.98283813099994,"(40.77086186300004, -73.98283813099994)"
757511095,04/06/2016,00:00:00,04/05/2018,00:00:00,04/06/2018,125,NYS LAWS-UNCLASSIFIED FELONY,847,"NY STATE LAWS,UNCLASSIFIED FEL",COMPLETED,FELONY,N.Y. POLICE DEPT,MANHATTAN,5,INSIDE,PUBLIC BUILDING,,,"983,903","200,257",40.71634415200003,-74.00125319299997,"(40.71634415200003, -74.00125319299997)"
587371224,04/08/2016,03:00:00,04/08/2016,06:00:00,04/16/2018,341,PETIT LARCENY,339,"LARCENY,PETIT FROM OPEN AREAS,",COMPLETED,MISDEMEANOR,N.Y. POLICE DEPT,MANHATTAN,18,FRONT OF,STREET,,,"987,813","219,268",40.76852390400006,-73.98713843699994,"(40.76852390400006, -73.98713843699994)"
662400916,04/11/2016,00:00:00,04/11/2016,23:59:00,03/20/2018,340,FRAUDS,718,"FRAUD,UNCLASSIFIED-MISDEMEANOR",ATTEMPTED,MISDEMEANOR,N.Y. POLICE DEPT,MANHATTAN,20,INSIDE,RESIDENCE - APT. HOUSE,,,"990,708","221,712",40.77523040600005,-73.97668466699997,"(40.77523040600005, -73.97668466699997)"
724929407,04/13/2016,14:00:00,04/13/2018,14:00:00,04/14/2018,340,FRAUDS,718,"FRAUD,UNCLASSIFIED-MISDEMEANOR",COMPLETED,MISDEMEANOR,N.Y. POLICE DEPT,MANHATTAN,20,INSIDE,RESIDENCE - APT. HOUSE,,,"990,911","223,003",40.778773711000035,-73.97595044999997,"(40.778773711000035, -73.97595044999997)"
246441119,04/14/2016,14:25:00,04/14/2016,14:30:00,04/14/2018,351,CRIMINAL MISCHIEF & RELATED OF,258,"CRIMINAL MISCHIEF 4TH, GRAFFIT",COMPLETED,MISDEMEANOR,N.Y. HOUSING POLICE,MANHATTAN,23,INSIDE,RESIDENCE - PUBLIC HOUSING,,,"1,000,531","229,408",40.79634123700004,-73.94119981599994,"(40.79634123700004, -73.94119981599994)"
322950330,04/15/2016,09:00:00,07/24/2018,08:53:00,11/03/2018,112,THEFT-FRAUD,739,"FRAUD,UNCLASSIFIED-FELONY",COMPLETED,FELONY,N.Y. POLICE DEPT,MANHATTAN,18,,RESIDENCE - APT. HOUSE,,,"988,600","218,831",40.767324100000046,-73.98429752099996,"(40.767324100000046, -73.98429752099996)"
150186162,04/16/2016,20:15:00,04/16/2018,20:25:00,04/17/2018,109,GRAND LARCENY,411,"LARCENY,GRAND FROM EATERY, UNATTENDED",COMPLETED,FELONY,N.Y. POLICE DEPT,MANHATTAN,18,INSIDE,RESTAURANT/DINER,,,"988,416","217,571",40.76386581400004,-73.98496256099996,"(40.76386581400004, -73.98496256099996)"
673889637,04/18/2016,06:45:00,03/26/2018,11:00:00,04/03/2018,109,GRAND LARCENY,407,"LARCENY,GRAND BY DISHONEST EMP",COMPLETED,FELONY,N.Y. POLICE DEPT,MANHATTAN,13,INSIDE,RESTAURANT/DINER,,,"988,460","209,761",40.742429320000035,-73.98480861299998,"(40.742429320000035, -73.98480861299998)"
306823376,04/19/2016,06:25:00,,,02/13/2018,112,THEFT-FRAUD,739,"FRAUD,UNCLASSIFIED-FELONY",COMPLETED,FELONY,N.Y. POLICE DEPT,MANHATTAN,26,,STREET,,,"994,488","235,340",40.81263201500008,-73.96301610399996,"(40.81263201500008, -73.96301610399996)"
160878475,04/22/2016,00:00:00,04/22/2016,02:00:00,02/06/2018,104,RAPE,157,RAPE 1,COMPLETED,FELONY,N.Y. POLICE DEPT,MANHATTAN,9,INSIDE,RESIDENCE - APT. HOUSE,,,"987,624","203,977",40.72655401900005,-73.98782842699995,"(40.72655401900005, -73.98782842699995)"
591833245,04/23/2016,09:00:00,06/25/2018,14:00:00,06/25/2018,353,UNAUTHORIZED USE OF A VEHICLE,462,UNAUTHORIZED USE VEHICLE 3,COMPLETED,MISDEMEANOR,N.Y. POLICE DEPT,MANHATTAN,32,INSIDE,RESIDENCE-HOUSE,,,"999,565","236,789",40.81660177300005,-73.94467185399996,"(40.81660177300005, -73.94467185399996)"
128210795,04/23/2016,17:00:00,,,06/27/2018,125,NYS LAWS-UNCLASSIFIED FELONY,847,"NY STATE LAWS,UNCLASSIFIED FEL",COMPLETED,FELONY,N.Y. POLICE DEPT,MANHATTAN,34,INSIDE,RESIDENCE - APT. HOUSE,,,"1,002,662","249,660",40.85192304000003,-73.93344777699998,"(40.85192304000003, -73.93344777699998)"
317566557,04/25/2016,07:00:00,07/17/2018,09:00:00,10/11/2018,109,GRAND LARCENY,407,"LARCENY,GRAND BY DISHONEST EMP",COMPLETED,FELONY,N.Y. POLICE DEPT,MANHATTAN,5,INSIDE,COMMERCIAL BUILDING,,,"984,186","201,363",40.71937986300003,-74.00023232699994,"(40.71937986300003, -74.00023232699994)"
173654674,04/25/2016,00:00:00,04/25/2016,23:59:00,10/23/2018,116,SEX CRIMES,168,SODOMY 1,COMPLETED,FELONY,N.Y. POLICE DEPT,MANHATTAN,9,INSIDE,HOTEL/MOTEL,,,"987,624","203,977",40.72655401900005,-73.98782842699995,"(40.72655401900005, -73.98782842699995)"
480113710,04/28/2016,08:00:00,04/28/2016,20:00:00,04/20/2018,112,THEFT-FRAUD,739,"FRAUD,UNCLASSIFIED-FELONY",COMPLETED,FELONY,N.Y. POLICE DEPT,MANHATTAN,14,INSIDE,PUBLIC BUILDING,,,"985,286","212,846",40.750897813000044,-73.99626230999998,"(40.750897813000044, -73.99626230999998)"
733669574,05/01/2016,19:36:00,,,01/30/2018,112,THEFT-FRAUD,739,"FRAUD,UNCLASSIFIED-FELONY",COMPLETED,FELONY,N.Y. POLICE DEPT,MANHATTAN,6,INSIDE,RESIDENCE-HOUSE,,,"986,160","205,842",40.73167342800008,-73.99310984799997,"(40.73167342800008, -73.99310984799997)"
171925789,05/01/2016,08:00:00,12/01/2017,14:00:00,02/09/2018,112,THEFT-FRAUD,739,"FRAUD,UNCLASSIFIED-FELONY",COMPLETED,FELONY,N.Y. POLICE DEPT,MANHATTAN,30,INSIDE,RESIDENCE - APT. HOUSE,,,"996,123","238,528",40.82138013500003,-73.95710393599995,"(40.82138013500003, -73.95710393599995)"
250747475,05/01/2016,00:00:00,05/31/2016,00:00:00,03/01/2018,104,RAPE,157,RAPE 1,COMPLETED,FELONY,N.Y. POLICE DEPT,MANHATTAN,26,,RESIDENCE - APT. HOUSE,,,"996,241","236,149",40.81485028900005,-73.95668184799997,"(40.81485028900005, -73.95668184799997)"
109633287,05/01/2016,12:00:00,04/03/2018,12:34:00,04/03/2018,361,OFF. AGNST PUB ORD SENSBLTY &,639,AGGRAVATED HARASSMENT 2,COMPLETED,MISDEMEANOR,N.Y. POLICE DEPT,MANHATTAN,6,INSIDE,,,,"984,497","205,368",40.73037261600007,-73.99911024699998,"(40.73037261600007, -73.99911024699998)"
483180771,05/01/2016,01:00:00,,,10/15/2018,233,SEX CRIMES,175,"SEXUAL ABUSE 3,2",COMPLETED,MISDEMEANOR,N.Y. POLICE DEPT,MANHATTAN,13,INSIDE,,,,"988,874","207,673",40.736698070000045,-73.98331602599995,"(40.736698070000045, -73.98331602599995)"
339746643,05/01/2016,00:01:00,,,10/18/2018,109,GRAND LARCENY,422,"LARCENY,GRAND BY OPEN CREDIT CARD (NEW ACCT)",COMPLETED,FELONY,N.Y. POLICE DEPT,MANHATTAN,30,INSIDE,RESIDENCE - APT. HOUSE,,,"998,810","239,140",40.82305588200006,-73.94739439499993,"(40.82305588200006, -73.94739439499993)"
245982587,05/05/2016,14:25:00,01/11/2017,08:00:00,01/21/2018,112,THEFT-FRAUD,739,"FRAUD,UNCLASSIFIED-FELONY",COMPLETED,FELONY,N.Y. POLICE DEPT,MANHATTAN,24,INSIDE,RESIDENCE - APT. HOUSE,,,"992,485","230,976",40.80065613200002,-73.97025740499998,"(40.80065613200002, -73.97025740499998)"
799813266,05/05/2016,17:00:00,01/26/2018,19:00:00,01/27/2018,578,HARRASSMENT 2,638,"HARASSMENT,SUBD 3,4,5",COMPLETED,VIOLATION,N.Y. POLICE DEPT,MANHATTAN,33,INSIDE,RESIDENCE - APT. HOUSE,,,"999,949","245,202",40.83969238100008,-73.94326486399994,"(40.83969238100008, -73.94326486399994)"
141390313,05/09/2016,12:01:00,08/15/2016,12:01:00,12/03/2018,112,THEFT-FRAUD,739,"FRAUD,UNCLASSIFIED-FELONY",COMPLETED,FELONY,N.Y. POLICE DEPT,MANHATTAN,18,INSIDE,RESIDENCE - APT. HOUSE,,,"987,813","219,268",40.76852390400006,-73.98713843699994,"(40.76852390400006, -73.98713843699994)"
306310358,05/09/2016,15:01:00,05/11/2016,09:15:00,12/06/2018,109,GRAND LARCENY,403,"LARCENY,GRAND BY BANK ACCT COMPROMISE-REPRODUCED CHECK",ATTEMPTED,FELONY,N.Y. POLICE DEPT,MANHATTAN,1,INSIDE,BANK,,,"981,309","197,980",40.710093847000046,-74.01060962999998,"(40.710093847000046, -74.01060962999998)"
760181746,05/20/2016,00:01:00,07/27/2016,23:59:00,06/21/2018,340,FRAUDS,718,"FRAUD,UNCLASSIFIED-MISDEMEANOR",COMPLETED,MISDEMEANOR,N.Y. POLICE DEPT,MANHATTAN,24,INSIDE,RESIDENCE - APT. HOUSE,,,"993,373","229,301",40.79605784000006,-73.96705230699997,"(40.79605784000006, -73.96705230699997)"
262774125,06/01/2016,21:00:00,07/24/2016,21:00:00,01/10/2018,104,RAPE,153,RAPE 3,COMPLETED,FELONY,N.Y. POLICE DEPT,MANHATTAN,34,INSIDE,RESIDENCE - APT. HOUSE,,,"1,002,106","249,501",40.85148777400008,-73.93545796699993,"(40.85148777400008, -73.93545796699993)"
354117389,06/01/2016,00:05:00,02/01/2018,09:00:00,01/29/2018,104,RAPE,157,RAPE 1,COMPLETED,FELONY,N.Y. HOUSING POLICE,MANHATTAN,26,INSIDE,RESIDENCE - PUBLIC HOUSING,,,"996,241","236,149",40.81485028900005,-73.95668184799997,"(40.81485028900005, -73.95668184799997)"
500248369,06/01/2016,08:00:00,03/22/2018,12:00:00,03/22/2018,109,GRAND LARCENY,407,"LARCENY,GRAND BY DISHONEST EMP",COMPLETED,FELONY,N.Y. POLICE DEPT,MANHATTAN,19,INSIDE,RESIDENCE - APT. HOUSE,,,"993,996","221,293",40.77407734800004,-73.96481386299997,"(40.77407734800004, -73.96481386299997)"
922995246,06/01/2016,00:01:00,09/25/2016,23:59:00,03/27/2018,109,GRAND LARCENY,437,"LARCENY,GRAND BY FALSE PROMISE-IN PERSON CONTACT",COMPLETED,FELONY,N.Y. POLICE DEPT,MANHATTAN,14,FRONT OF,STREET,,,"987,965","215,284",40.757588785000046,-73.98659189399994,"(40.757588785000046, -73.98659189399994)"
562847153,06/01/2016,00:01:00,08/30/2016,23:59:00,07/02/2018,104,RAPE,157,RAPE 1,COMPLETED,FELONY,N.Y. POLICE DEPT,MANHATTAN,25,INSIDE,RESIDENCE - APT. HOUSE,,,"1,000,555","230,994",40.800694331000045,-73.94110928599997,"(40.800694331000045, -73.94110928599997)"
351087047,06/01/2016,00:00:00,07/08/2018,01:32:00,07/11/2018,361,OFF. AGNST PUB ORD SENSBLTY &,639,AGGRAVATED HARASSMENT 2,COMPLETED,MISDEMEANOR,N.Y. POLICE DEPT,MANHATTAN,6,INSIDE,RESIDENCE - APT. HOUSE,,,"982,682","205,540",40.73084457800008,-74.005658984,"(40.73084457800008, -74.005658984)"
941652471,06/01/2016,20:00:00,06/01/2016,20:30:00,09/18/2018,233,SEX CRIMES,175,"SEXUAL ABUSE 3,2",ATTEMPTED,MISDEMEANOR,N.Y. HOUSING POLICE,MANHATTAN,26,INSIDE,RESIDENCE - PUBLIC HOUSING,,GRANT,"996,241","236,149",40.81485028900005,-73.95668184799997,"(40.81485028900005, -73.95668184799997)"
537199647,06/02/2016,12:00:00,04/17/2018,17:00:00,05/14/2018,109,GRAND LARCENY,420,"LARCENY,GRAND BY OPEN/COMPROMISE CELL PHONE ACCT",COMPLETED,FELONY,N.Y. POLICE DEPT,MANHATTAN,19,INSIDE,RESIDENCE - APT. HOUSE,,,"995,213","217,576",40.76387372300008,-73.96042598999998,"(40.76387372300008, -73.96042598999998)"
771605434,06/02/2016,20:00:00,06/02/2016,20:05:00,08/11/2018,104,RAPE,157,RAPE 1,COMPLETED,FELONY,N.Y. POLICE DEPT,MANHATTAN,23,INSIDE,RESIDENCE - APT. HOUSE,,,"998,730","226,827",40.78926022400003,-73.94771000099996,"(40.78926022400003, -73.94771000099996)"
226593635,06/03/2016,17:48:00,,,01/19/2018,113,FORGERY,729,"FORGERY,ETC.,UNCLASSIFIED-FELO",COMPLETED,FELONY,N.Y. POLICE DEPT,MANHATTAN,14,INSIDE,BANK,,,"986,360","215,716",40.75877504400006,-73.99238511899993,"(40.75877504400006, -73.99238511899993)"
175157446,06/04/2016,16:30:00,,,11/11/2018,578,HARRASSMENT 2,638,"HARASSMENT,SUBD 3,4,5",COMPLETED,VIOLATION,N.Y. POLICE DEPT,MANHATTAN,18,INSIDE,RESIDENCE - APT. HOUSE,,,"986,047","217,242",40.76296359200006,-73.99351452799993,"(40.76296359200006, -73.99351452799993)"
158213971,06/06/2016,18:31:00,,,01/19/2018,113,FORGERY,729,"FORGERY,ETC.,UNCLASSIFIED-FELO",COMPLETED,FELONY,N.Y. POLICE DEPT,MANHATTAN,19,INSIDE,BANK,,,"996,482","223,147",40.77916300000004,-73.95583487399993,"(40.77916300000004, -73.95583487399993)"
318976953,06/06/2016,15:00:00,02/06/2018,07:00:00,02/06/2018,113,FORGERY,729,"FORGERY,ETC.,UNCLASSIFIED-FELO",COMPLETED,FELONY,N.Y. POLICE DEPT,MANHATTAN,5,INSIDE,RESIDENCE-HOUSE,,,"983,903","200,257",40.71634415200003,-74.00125319299997,"(40.71634415200003, -74.00125319299997)"
862185268,06/06/2016,11:00:00,06/06/2016,11:00:00,06/06/2018,341,PETIT LARCENY,349,"LARCENY,PETIT OF LICENSE PLATE",COMPLETED,MISDEMEANOR,N.Y. POLICE DEPT,MANHATTAN,26,FRONT OF,COMMERCIAL BUILDING,,,"996,342","237,038",40.81729020800003,-73.95631536599996,"(40.81729020800003, -73.95631536599996)"
936811784,06/07/2016,14:33:00,,,01/19/2018,113,FORGERY,729,"FORGERY,ETC.,UNCLASSIFIED-FELO",COMPLETED,FELONY,N.Y. POLICE DEPT,MANHATTAN,19,INSIDE,BANK,,,"996,482","223,147",40.77916300000004,-73.95583487399993,"(40.77916300000004, -73.95583487399993)"
791020551,06/08/2016,16:05:00,,,01/19/2018,113,FORGERY,729,"FORGERY,ETC.,UNCLASSIFIED-FELO",COMPLETED,FELONY,N.Y. POLICE DEPT,MANHATTAN,14,INSIDE,BANK,,,"987,045","213,240",40.75197886300003,-73.98991354799993,"(40.75197886300003, -73.98991354799993)"
818178323,06/09/2016,18:38:00,,,01/19/2018,113,FORGERY,729,"FORGERY,ETC.,UNCLASSIFIED-FELO",COMPLETED,FELONY,N.Y. POLICE DEPT,MANHATTAN,20,INSIDE,BANK,,,"988,982","223,466",40.78004576700005,-73.98291520099998,"(40.78004576700005, -73.98291520099998)"
829212836,06/09/2016,18:48:00,,,01/19/2018,113,FORGERY,729,"FORGERY,ETC.,UNCLASSIFIED-FELO",COMPLETED,FELONY,N.Y. POLICE DEPT,MANHATTAN,20,INSIDE,BANK,,,"989,155","221,677",40.77513533800004,-73.98229184099996,"(40.77513533800004, -73.98229184099996)"
271275883,06/09/2016,08:00:00,06/30/2017,08:00:00,02/21/2018,340,FRAUDS,718,"FRAUD,UNCLASSIFIED-MISDEMEANOR",COMPLETED,MISDEMEANOR,N.Y. POLICE DEPT,MANHATTAN,24,INSIDE,CHAIN STORE,,,"993,311","231,911",40.80322164300003,-73.96727270899999,"(40.80322164300003, -73.96727270899999)"
887139804,06/11/2016,17:19:00,,,01/19/2018,113,FORGERY,729,"FORGERY,ETC.,UNCLASSIFIED-FELO",COMPLETED,FELONY,N.Y. POLICE DEPT,MANHATTAN,14,INSIDE,BANK,,,"987,666","214,366",40.75506923000006,-73.98767162199994,"(40.75506923000006, -73.98767162199994)"
430890653,06/13/2016,14:17:00,,,01/19/2018,113,FORGERY,729,"FORGERY,ETC.,UNCLASSIFIED-FELO",COMPLETED,FELONY,N.Y. POLICE DEPT,MANHATTAN,20,INSIDE,BANK,,,"988,982","223,466",40.78004576700005,-73.98291520099998,"(40.78004576700005, -73.98291520099998)"
530614803,06/13/2016,17:54:00,,,01/19/2018,113,FORGERY,729,"FORGERY,ETC.,UNCLASSIFIED-FELO",COMPLETED,FELONY,N.Y. POLICE DEPT,MANHATTAN,24,INSIDE,BANK,,,"993,380","232,164",40.80391598700004,-73.96702313299994,"(40.80391598700004, -73.96702313299994)"
590297235,06/14/2016,13:28:00,,,01/19/2018,113,FORGERY,729,"FORGERY,ETC.,UNCLASSIFIED-FELO",COMPLETED,FELONY,N.Y. POLICE DEPT,MANHATTAN,20,INSIDE,BANK,,,"988,982","223,466",40.78004576700005,-73.98291520099998,"(40.78004576700005, -73.98291520099998)"
943289293,06/15/2016,19:33:00,,,01/19/2018,113,FORGERY,729,"FORGERY,ETC.,UNCLASSIFIED-FELO",COMPLETED,FELONY,N.Y. POLICE DEPT,MANHATTAN,19,INSIDE,BANK,,,"996,482","223,147",40.77916300000004,-73.95583487399993,"(40.77916300000004, -73.95583487399993)"
365753029,06/15/2016,21:09:00,,,01/19/2018,113,FORGERY,729,"FORGERY,ETC.,UNCLASSIFIED-FELO",COMPLETED,FELONY,N.Y. POLICE DEPT,MANHATTAN,19,INSIDE,BANK,,,"996,482","223,147",40.77916300000004,-73.95583487399993,"(40.77916300000004, -73.95583487399993)"
551280990,06/15/2016,10:00:00,06/06/2018,17:00:00,06/07/2018,578,HARRASSMENT 2,637,"HARASSMENT,SUBD 1,CIVILIAN",COMPLETED,VIOLATION,N.Y. POLICE DEPT,MANHATTAN,18,INSIDE,PUBLIC SCHOOL,,,"986,791","217,425",40.76346569700007,-73.99082872099996,"(40.76346569700007, -73.99082872099996)"
334521096,06/16/2016,13:00:00,01/20/2018,16:00:00,01/29/2018,578,HARRASSMENT 2,638,"HARASSMENT,SUBD 3,4,5",COMPLETED,VIOLATION,N.Y. POLICE DEPT,MANHATTAN,19,INSIDE,HOTEL/MOTEL,,,"994,554","221,287",40.77406024700008,-73.96279923299994,"(40.77406024700008, -73.96279923299994)"
394179974,06/23/2016,16:10:00,06/23/2018,16:18:00,06/23/2018,344,ASSAULT 3 & RELATED OFFENSES,101,ASSAULT 3,COMPLETED,MISDEMEANOR,N.Y. POLICE DEPT,MANHATTAN,18,,STREET,,,"990,823","215,044",40.75692838400005,-73.97627597599995,"(40.75692838400005, -73.97627597599995)"
906964305,06/25/2016,18:30:00,08/04/2018,13:57:00,08/04/2018,361,OFF. AGNST PUB ORD SENSBLTY &,639,AGGRAVATED HARASSMENT 2,COMPLETED,MISDEMEANOR,N.Y. POLICE DEPT,MANHATTAN,6,INSIDE,RESIDENCE - APT. HOUSE,,,"982,682","205,540",40.73084457800008,-74.005658984,"(40.73084457800008, -74.005658984)"
662026726,06/26/2016,11:00:00,,,06/26/2018,578,HARRASSMENT 2,637,"HARASSMENT,SUBD 1,CIVILIAN",COMPLETED,VIOLATION,N.Y. POLICE DEPT,MANHATTAN,26,INSIDE,PUBLIC SCHOOL,,,"997,334","237,085",40.81741779600002,-73.95273136799993,"(40.81741779600002, -73.95273136799993)"
295220707,06/26/2016,12:10:00,06/26/2018,13:05:00,06/26/2018,341,PETIT LARCENY,338,"LARCENY,PETIT FROM BUILDING,UN",COMPLETED,MISDEMEANOR,N.Y. POLICE DEPT,MANHATTAN,13,INSIDE,GYM/FITNESS FACILITY,,,"987,583","210,248",40.74376638800004,-73.98797324599997,"(40.74376638800004, -73.98797324599997)"
726087613,06/29/2016,12:00:00,08/03/2016,12:35:00,08/03/2018,109,GRAND LARCENY,437,"LARCENY,GRAND BY FALSE PROMISE-IN PERSON CONTACT",COMPLETED,FELONY,N.Y. POLICE DEPT,MANHATTAN,18,INSIDE,JEWELRY,,,"990,251","215,062",40.756978196000034,-73.97834061299993,"(40.756978196000034, -73.97834061299993)"
323838247,06/30/2016,14:00:00,07/25/2018,12:00:00,08/16/2018,126,MISCELLANEOUS PENAL LAW,198,CRIMINAL CONTEMPT 1,COMPLETED,FELONY,N.Y. POLICE DEPT,MANHATTAN,34,INSIDE,RESIDENCE - APT. HOUSE,,,"1,003,960","248,780",40.84950489800008,-73.92875849699995,"(40.84950489800008, -73.92875849699995)"
583959548,07/01/2016,09:00:00,12/29/2017,14:16:00,01/02/2018,578,HARRASSMENT 2,638,"HARASSMENT,SUBD 3,4,5",COMPLETED,VIOLATION,N.Y. POLICE DEPT,MANHATTAN,19,INSIDE,RESIDENCE - APT. HOUSE,,,"999,358","222,038",40.77611463900007,-73.94545288099994,"(40.77611463900007, -73.94545288099994)"
202864689,07/01/2016,09:02:00,02/09/2018,08:45:00,02/09/2018,361,OFF. AGNST PUB ORD SENSBLTY &,639,AGGRAVATED HARASSMENT 2,COMPLETED,MISDEMEANOR,N.Y. POLICE DEPT,MANHATTAN,13,INSIDE,RESIDENCE - APT. HOUSE,,,"991,583","208,144",40.737989018000064,-73.97354025099996,"(40.737989018000064, -73.97354025099996)"
980268220,07/01/2016,08:00:00,07/31/2016,20:00:00,03/17/2018,109,GRAND LARCENY,432,"LARCENY,GRAND BY IDENTITY THEFT-UNCLASSIFIED",COMPLETED,FELONY,N.Y. POLICE DEPT,MANHATTAN,34,INSIDE,RESIDENCE - APT. HOUSE,,,"1,002,644","250,694",40.85476109900002,-73.93351000399997,"(40.85476109900002, -73.93351000399997)"
138922506,07/01/2016,00:01:00,07/31/2016,23:59:00,07/24/2018,104,RAPE,157,RAPE 1,COMPLETED,FELONY,N.Y. POLICE DEPT,MANHATTAN,19,INSIDE,RESIDENCE - APT. HOUSE,,,"994,276","218,779",40.76717676000004,-73.96380668299997,"(40.76717676000004, -73.96380668299997)"
980866933,07/02/2016,19:00:00,09/30/2016,12:00:00,03/07/2018,109,GRAND LARCENY,412,"LARCENY,GRAND FROM RESIDENCE, UNATTENDED",COMPLETED,FELONY,N.Y. POLICE DEPT,MANHATTAN,26,INSIDE,RESIDENCE - APT. HOUSE,,,"996,463","235,457",40.812950638000075,-73.95588109399995,"(40.812950638000075, -73.95588109399995)"
213107409,07/05/2016,00:01:00,07/05/2018,23:39:00,07/06/2018,340,FRAUDS,718,"FRAUD,UNCLASSIFIED-MISDEMEANOR",COMPLETED,MISDEMEANOR,N.Y. HOUSING POLICE,MANHATTAN,23,INSIDE,RESIDENCE - PUBLIC HOUSING,,,"998,700","228,774",40.794604263000046,-73.94781414999993,"(40.794604263000046, -73.94781414999993)"
876721468,07/06/2016,09:00:00,01/31/2017,09:00:00,10/11/2018,109,GRAND LARCENY,402,"LARCENY,GRAND BY FALSE PROMISE-NOT IN PERSON CONTACT",COMPLETED,FELONY,N.Y. POLICE DEPT,MANHATTAN,1,INSIDE,RESIDENCE - APT. HOUSE,,,"982,855","197,460",40.708666949000076,-74.00503310099998,"(40.708666949000076, -74.00503310099998)"
198407287,07/08/2016,18:00:00,07/09/2016,00:00:00,09/27/2018,104,RAPE,157,RAPE 1,COMPLETED,FELONY,N.Y. POLICE DEPT,MANHATTAN,18,INSIDE,OTHER,,,"988,353","217,918",40.764818269000045,-73.98518977299993,"(40.764818269000045, -73.98518977299993)"
434726643,07/10/2016,12:00:00,04/18/2018,12:00:00,05/02/2018,109,GRAND LARCENY,412,"LARCENY,GRAND FROM RESIDENCE, UNATTENDED",COMPLETED,FELONY,N.Y. POLICE DEPT,MANHATTAN,19,INSIDE,RESIDENCE - APT. HOUSE,,,"997,805","222,252",40.776704532000046,-73.95105967099995,"(40.776704532000046, -73.95105967099995)"
392433753,07/10/2016,21:00:00,07/10/2018,21:00:00,08/10/2018,104,RAPE,157,RAPE 1,COMPLETED,FELONY,N.Y. POLICE DEPT,MANHATTAN,22,FRONT OF,OTHER,CENTRAL PARK,,"994,010","224,718",40.783478055000046,-73.96475834099994,"(40.783478055000046, -73.96475834099994)"
759384254,07/15/2016,00:00:00,07/18/2016,23:59:00,08/07/2018,109,GRAND LARCENY,439,"LARCENY,GRAND FROM OPEN AREAS, UNATTENDED",COMPLETED,FELONY,N.Y. POLICE DEPT,MANHATTAN,34,INSIDE,MAILBOX INSIDE,,,"1,005,426","254,690",40.86572268100008,-73.92344088699997,"(40.86572268100008, -73.92344088699997)"
473395811,07/18/2016,00:00:00,07/28/2018,23:59:00,08/27/2018,341,PETIT LARCENY,305,"LARCENY,PETIT BY CREDIT CARD U",COMPLETED,MISDEMEANOR,N.Y. HOUSING POLICE,MANHATTAN,32,INSIDE,RESIDENCE - PUBLIC HOUSING,,,"1,001,743","240,361",40.826401859000036,-73.93679392799999,"(40.826401859000036, -73.93679392799999)"
501279711,07/26/2016,11:22:00,,,02/20/2018,121,CRIMINAL MISCHIEF & RELATED OF,273,"TAMPERING 1,CRIMINAL",COMPLETED,FELONY,N.Y. TRANSIT POLICE,MANHATTAN,23,,TRANSIT - NYC SUBWAY,,,"999,643","228,852",40.79481676000006,-73.94440825399995,"(40.79481676000006, -73.94440825399995)"
236960258,08/01/2016,09:00:00,,,01/29/2018,341,PETIT LARCENY,349,"LARCENY,PETIT OF LICENSE PLATE",COMPLETED,MISDEMEANOR,N.Y. POLICE DEPT,MANHATTAN,13,INSIDE,RESIDENCE - APT. HOUSE,,,"989,866","208,688",40.739483420000056,-73.97973560799994,"(40.739483420000056, -73.97973560799994)"
733645152,08/01/2016,12:00:00,02/18/2018,17:00:00,02/21/2018,578,HARRASSMENT 2,638,"HARASSMENT,SUBD 3,4,5",COMPLETED,VIOLATION,N.Y. POLICE DEPT,MANHATTAN,23,,RESIDENCE - APT. HOUSE,,,"1,000,142","225,685",40.78612331400007,-73.94261356399994,"(40.78612331400007, -73.94261356399994)"
562074073,08/01/2016,12:00:00,06/30/2017,12:00:00,04/04/2018,109,GRAND LARCENY,420,"LARCENY,GRAND BY OPEN/COMPROMISE CELL PHONE ACCT",COMPLETED,FELONY,N.Y. POLICE DEPT,MANHATTAN,14,INSIDE,RESIDENCE - APT. HOUSE,,,"989,145","210,412",40.74421580000006,-73.98233614599997,"(40.74421580000006, -73.98233614599997)"
759996985,08/05/2016,02:30:00,08/05/2018,02:33:00,08/05/2018,341,PETIT LARCENY,333,"LARCENY,PETIT FROM STORE-SHOPL",COMPLETED,MISDEMEANOR,N.Y. POLICE DEPT,MANHATTAN,24,INSIDE,DRUG STORE,,,"993,575","228,739",40.794515091000044,-73.96632353299998,"(40.794515091000044, -73.96632353299998)"
360215727,08/06/2016,02:54:00,08/06/2018,03:11:00,08/06/2018,361,OFF. AGNST PUB ORD SENSBLTY &,639,AGGRAVATED HARASSMENT 2,COMPLETED,MISDEMEANOR,N.Y. POLICE DEPT,MANHATTAN,18,INSIDE,RESIDENCE - APT. HOUSE,,,"992,869","216,627",40.76127155700004,-73.96888883799994,"(40.76127155700004, -73.96888883799994)"
470111000,08/08/2016,13:30:00,,,08/08/2018,109,GRAND LARCENY,404,"LARCENY,GRAND FROM PERSON,PERSONAL ELECTRONIC DEVICE(SNATCH)",COMPLETED,FELONY,N.Y. POLICE DEPT,MANHATTAN,18,,STREET,,,"985,168","217,281",40.76307077200005,-73.99668759099995,"(40.76307077200005, -73.99668759099995)"
491159932,08/11/2016,08:00:00,10/17/2016,08:00:00,04/28/2018,340,FRAUDS,718,"FRAUD,UNCLASSIFIED-MISDEMEANOR",ATTEMPTED,MISDEMEANOR,N.Y. POLICE DEPT,MANHATTAN,24,INSIDE,RESIDENCE - APT. HOUSE,,,"993,373","229,301",40.79605784000006,-73.96705230699997,"(40.79605784000006, -73.96705230699997)"
641463662,08/13/2016,12:00:00,12/27/2017,08:56:00,01/08/2018,361,OFF. AGNST PUB ORD SENSBLTY &,639,AGGRAVATED HARASSMENT 2,COMPLETED,MISDEMEANOR,N.Y. POLICE DEPT,MANHATTAN,1,INSIDE,RESIDENCE - APT. HOUSE,,,"980,219","197,152",40.70782075300008,-74.01454076299996,"(40.70782075300008, -74.01454076299996)"
358351963,08/15/2016,13:00:00,10/15/2016,15:00:00,03/13/2018,109,GRAND LARCENY,402,"LARCENY,GRAND BY FALSE PROMISE-NOT IN PERSON CONTACT",COMPLETED,FELONY,N.Y. POLICE DEPT,MANHATTAN,19,INSIDE,RESIDENCE - APT. HOUSE,,,"996,001","223,898",40.78122494900003,-73.95757032599995,"(40.78122494900003, -73.95757032599995)"
854738311,08/16/2016,17:35:00,08/16/2018,17:40:00,08/16/2018,341,PETIT LARCENY,333,"LARCENY,PETIT FROM STORE-SHOPL",COMPLETED,MISDEMEANOR,N.Y. POLICE DEPT,MANHATTAN,18,INSIDE,CLOTHING/BOUTIQUE,,,"990,503","215,519",40.758232371000084,-73.97743058499998,"(40.758232371000084, -73.97743058499998)"
588484479,08/19/2016,22:00:00,01/31/2018,22:26:00,01/31/2018,361,OFF. AGNST PUB ORD SENSBLTY &,639,AGGRAVATED HARASSMENT 2,COMPLETED,MISDEMEANOR,N.Y. POLICE DEPT,MANHATTAN,34,INSIDE,RESIDENCE - APT. HOUSE,,,"1,004,150","249,306",40.85094818700002,-73.92807017099993,"(40.85094818700002, -73.92807017099993)"
535882578,08/21/2016,11:00:00,08/21/2018,11:30:00,08/21/2018,361,OFF. AGNST PUB ORD SENSBLTY &,639,AGGRAVATED HARASSMENT 2,COMPLETED,MISDEMEANOR,N.Y. POLICE DEPT,MANHATTAN,14,INSIDE,COMMERCIAL BUILDING,,,"986,882","214,802",40.75626620700007,-73.99050124799999,"(40.75626620700007, -73.99050124799999)"
500794339,08/28/2016,00:01:00,08/28/2016,23:59:00,07/11/2018,116,SEX CRIMES,168,SODOMY 1,COMPLETED,FELONY,N.Y. POLICE DEPT,MANHATTAN,28,INSIDE,RESIDENCE - APT. HOUSE,,,"997,376","233,927",40.80874990400008,-73.95258580599993,"(40.80874990400008, -73.95258580599993)"
376484277,08/28/2016,20:00:00,08/28/2018,20:10:00,08/28/2018,344,ASSAULT 3 & RELATED OFFENSES,101,ASSAULT 3,COMPLETED,MISDEMEANOR,N.Y. HOUSING POLICE,MANHATTAN,32,INSIDE,RESIDENCE - PUBLIC HOUSING,,,"1,000,448","238,379",40.82096430100006,-73.94147793899998,"(40.82096430100006, -73.94147793899998)"
849455869,08/29/2016,14:47:00,,,08/29/2018,116,SEX CRIMES,177,SEXUAL ABUSE,COMPLETED,FELONY,N.Y. HOUSING POLICE,MANHATTAN,32,INSIDE,RESIDENCE - PUBLIC HOUSING,,,"999,358","236,472",40.81573205300003,-73.94542041099999,"(40.81573205300003, -73.94542041099999)"
220387491,09/01/2016,01:00:00,08/01/2017,01:00:00,01/28/2018,109,GRAND LARCENY,434,"LARCENY,GRAND BY OPEN BANK ACCT",COMPLETED,FELONY,N.Y. POLICE DEPT,MANHATTAN,25,INSIDE,RESIDENCE - APT. HOUSE,,,"1,002,134","233,838",40.80849727400005,-73.93539850799993,"(40.80849727400005, -73.93539850799993)"
265434362,09/01/2016,12:00:00,02/12/2018,14:20:00,02/12/2018,361,OFF. AGNST PUB ORD SENSBLTY &,639,AGGRAVATED HARASSMENT 2,COMPLETED,MISDEMEANOR,N.Y. POLICE DEPT,MANHATTAN,1,INSIDE,RESIDENCE - APT. HOUSE,,,"982,276","196,845",40.70697880800003,-74.00712132899997,"(40.70697880800003, -74.00712132899997)"
800913042,09/01/2016,16:00:00,,,03/21/2018,112,THEFT-FRAUD,739,"FRAUD,UNCLASSIFIED-FELONY",COMPLETED,FELONY,N.Y. POLICE DEPT,MANHATTAN,17,OPPOSITE OF,STREET,,,"992,532","212,752",40.750635990000035,-73.97011010299997,"(40.750635990000035, -73.97011010299997)"
112249779,09/01/2016,16:00:00,03/31/2018,23:59:00,04/11/2018,233,SEX CRIMES,175,"SEXUAL ABUSE 3,2",COMPLETED,MISDEMEANOR,N.Y. POLICE DEPT,MANHATTAN,6,INSIDE,GYM/FITNESS FACILITY,,,"982,752","206,772",40.734226128000046,-74.00540668899998,"(40.734226128000046, -74.00540668899998)"
644019123,09/01/2016,09:00:00,04/30/2017,16:00:00,05/03/2018,109,GRAND LARCENY,420,"LARCENY,GRAND BY OPEN/COMPROMISE CELL PHONE ACCT",COMPLETED,FELONY,N.Y. POLICE DEPT,MANHATTAN,19,INSIDE,RESIDENCE - APT. HOUSE,,,"995,082","218,842",40.76734872700007,-73.96089684899994,"(40.76734872700007, -73.96089684899994)"
488691427,09/01/2016,12:00:00,05/22/2018,12:00:00,05/22/2018,112,THEFT-FRAUD,739,"FRAUD,UNCLASSIFIED-FELONY",COMPLETED,FELONY,N.Y. POLICE DEPT,MANHATTAN,14,INSIDE,RESIDENCE - APT. HOUSE,,,"987,873","212,315",40.74943967000007,-73.98692557399994,"(40.74943967000007, -73.98692557399994)"
270997227,09/01/2016,07:30:00,05/09/2018,07:30:00,05/31/2018,233,SEX CRIMES,175,"SEXUAL ABUSE 3,2",COMPLETED,MISDEMEANOR,N.Y. POLICE DEPT,MANHATTAN,19,FRONT OF,STREET,,,"994,276","218,779",40.76717676000004,-73.96380668299997,"(40.76717676000004, -73.96380668299997)"
396844570,09/01/2016,01:00:00,09/30/2016,23:35:00,09/08/2018,104,RAPE,157,RAPE 1,COMPLETED,FELONY,N.Y. POLICE DEPT,MANHATTAN,9,INSIDE,PUBLIC BUILDING,,,"987,624","203,977",40.72655401900005,-73.98782842699995,"(40.72655401900005, -73.98782842699995)"
482439118,09/01/2016,10:00:00,12/26/2018,14:27:00,12/26/2018,578,HARRASSMENT 2,638,"HARASSMENT,SUBD 3,4,5",COMPLETED,VIOLATION,N.Y. POLICE DEPT,MANHATTAN,19,INSIDE,RESIDENCE - APT. HOUSE,,,"995,434","223,888",40.78119823800005,-73.95961769599995,"(40.78119823800005, -73.95961769599995)"
107620142,09/02/2016,09:00:00,01/15/2018,11:00:00,01/15/2018,109,GRAND LARCENY,438,"LARCENY,GRAND FROM BUILDING (NON-RESIDENCE) UNATTENDED",COMPLETED,FELONY,N.Y. POLICE DEPT,MANHATTAN,34,INSIDE,MAILBOX INSIDE,,,"1,001,534","248,877",40.849776217000056,-73.93752716499995,"(40.849776217000056, -73.93752716499995)"
767287359,09/02/2016,00:00:00,09/12/2016,00:00:00,03/06/2018,125,NYS LAWS-UNCLASSIFIED FELONY,847,"NY STATE LAWS,UNCLASSIFIED FEL",COMPLETED,FELONY,N.Y. POLICE DEPT,MANHATTAN,5,INSIDE,PUBLIC BUILDING,,,"983,903","200,257",40.71634415200003,-74.00125319299997,"(40.71634415200003, -74.00125319299997)"
989656396,09/06/2016,12:00:00,09/22/2016,15:30:00,03/22/2018,121,CRIMINAL MISCHIEF & RELATED OF,268,CRIMINAL MIS 2 & 3,COMPLETED,FELONY,N.Y. TRANSIT POLICE,MANHATTAN,5,,TRANSIT FACILITY (OTHER),,,"983,125","199,091",40.71314369600003,-74.00405950599996,"(40.71314369600003, -74.00405950599996)"
968862224,09/06/2016,20:00:00,09/06/2016,20:30:00,05/17/2018,233,SEX CRIMES,175,"SEXUAL ABUSE 3,2",COMPLETED,MISDEMEANOR,N.Y. POLICE DEPT,MANHATTAN,14,INSIDE,RESIDENCE - APT. HOUSE,,,"985,679","213,954",40.75393893800003,-73.99484365499995,"(40.75393893800003, -73.99484365499995)"
627545541,09/06/2016,12:00:00,09/27/2016,12:00:00,11/06/2018,109,GRAND LARCENY,437,"LARCENY,GRAND BY FALSE PROMISE-IN PERSON CONTACT",COMPLETED,FELONY,N.Y. POLICE DEPT,MANHATTAN,18,INSIDE,JEWELRY,,,"989,741","215,196",40.757346324000025,-73.98018136799993,"(40.757346324000025, -73.98018136799993)"
504780261,09/06/2016,15:00:00,,,12/19/2018,125,NYS LAWS-UNCLASSIFIED FELONY,847,"NY STATE LAWS,UNCLASSIFIED FEL",COMPLETED,FELONY,N.Y. POLICE DEPT,MANHATTAN,25,INSIDE,RESIDENCE - APT. HOUSE,,,"1,004,138","226,326",40.78787459900008,-73.92818164599998,"(40.78787459900008, -73.92818164599998)"
676462867,09/08/2016,17:00:00,09/08/2016,17:05:00,12/04/2018,107,BURGLARY,221,"BURGLARY,RESIDENCE,DAY",COMPLETED,FELONY,N.Y. POLICE DEPT,MANHATTAN,17,INSIDE,RESIDENCE - APT. HOUSE,,,"994,834","215,379",40.75784398300004,-73.96179760399998,"(40.75784398300004, -73.96179760399998)"
956081621,09/09/2016,12:00:00,,,03/26/2018,578,HARRASSMENT 2,638,"HARASSMENT,SUBD 3,4,5",COMPLETED,VIOLATION,N.Y. POLICE DEPT,MANHATTAN,13,INSIDE,COMMERCIAL BUILDING,,,"987,060","208,451",40.73883425100007,-73.98986140999993,"(40.73883425100007, -73.98986140999993)"
797385072,09/09/2016,00:00:00,01/01/2018,00:00:00,07/03/2018,104,RAPE,157,RAPE 1,COMPLETED,FELONY,N.Y. HOUSING POLICE,MANHATTAN,25,INSIDE,RESIDENCE - PUBLIC HOUSING,,,"1,000,555","230,994",40.800694331000045,-73.94110928599997,"(40.800694331000045, -73.94110928599997)"
545836263,09/10/2016,07:00:00,09/10/2016,08:00:00,05/03/2018,109,GRAND LARCENY,439,"LARCENY,GRAND FROM OPEN AREAS, UNATTENDED",COMPLETED,FELONY,N.Y. POLICE DEPT,MANHATTAN,34,FRONT OF,MAILBOX OUTSIDE,,,"1,006,630","255,469",40.86785782900005,-73.91908529799997,"(40.86785782900005, -73.91908529799997)"
928266246,09/15/2016,10:00:00,02/01/2018,11:00:00,02/01/2018,578,HARRASSMENT 2,638,"HARASSMENT,SUBD 3,4,5",COMPLETED,VIOLATION,N.Y. POLICE DEPT,MANHATTAN,24,INSIDE,RESIDENCE - APT. HOUSE,,,"992,848","228,356",40.793464597000025,-73.96894963799997,"(40.793464597000025, -73.96894963799997)"
151157641,09/20/2016,09:00:00,,,02/16/2018,344,ASSAULT 3 & RELATED OFFENSES,101,ASSAULT 3,COMPLETED,MISDEMEANOR,N.Y. POLICE DEPT,MANHATTAN,6,INSIDE,RESIDENCE - APT. HOUSE,,,"985,324","204,347",40.72757015800004,-73.99612651399997,"(40.72757015800004, -73.99612651399997)"
560858081,09/25/2016,18:30:00,09/25/2016,20:00:00,09/26/2018,578,HARRASSMENT 2,638,"HARASSMENT,SUBD 3,4,5",COMPLETED,VIOLATION,N.Y. POLICE DEPT,MANHATTAN,28,INSIDE,RESIDENCE - APT. HOUSE,,,"997,967","234,809",40.811169851000045,-73.95044910699994,"(40.811169851000045, -73.95044910699994)"
842539558,09/30/2016,08:45:00,09/30/2016,09:00:00,08/08/2018,341,PETIT LARCENY,347,PETIT LARCENY-CHECK FROM MAILB,COMPLETED,MISDEMEANOR,N.Y. POLICE DEPT,MANHATTAN,13,INSIDE,MAILBOX OUTSIDE,,,"989,021","210,187",40.74359829900004,-73.98278380299998,"(40.74359829900004, -73.98278380299998)"
539810329,10/01/2016,00:01:00,03/05/2018,12:00:00,04/02/2018,112,THEFT-FRAUD,739,"FRAUD,UNCLASSIFIED-FELONY",COMPLETED,FELONY,N.Y. POLICE DEPT,MANHATTAN,17,INSIDE,RESIDENCE - APT. HOUSE,,,"994,058","215,488",40.75814405400007,-73.96459848299997,"(40.75814405400007, -73.96459848299997)"
951151453,10/01/2016,10:00:00,04/12/2018,10:15:00,04/13/2018,578,HARRASSMENT 2,637,"HARASSMENT,SUBD 1,CIVILIAN",COMPLETED,VIOLATION,N.Y. POLICE DEPT,MANHATTAN,20,INSIDE,GYM/FITNESS FACILITY,,,"987,358","221,232",40.77391474400008,-73.98878015399998,"(40.77391474400008, -73.98878015399998)"
839837099,10/01/2016,15:00:00,09/18/2018,18:00:00,09/19/2018,578,HARRASSMENT 2,637,"HARASSMENT,SUBD 1,CIVILIAN",COMPLETED,VIOLATION,N.Y. POLICE DEPT,MANHATTAN,32,INSIDE,RESIDENCE - APT. HOUSE,,,"998,854","236,861",40.81680059700005,-73.94724037699996,"(40.81680059700005, -73.94724037699996)"
107985447,10/04/2016,23:30:00,10/04/2016,23:55:00,01/11/2018,104,RAPE,157,RAPE 1,COMPLETED,FELONY,N.Y. POLICE DEPT,MANHATTAN,28,INSIDE,RESIDENCE - APT. HOUSE,,,"997,376","233,927",40.80874990400008,-73.95258580599993,"(40.80874990400008, -73.95258580599993)"
469272106,10/07/2016,00:01:00,10/31/2016,23:59:00,03/27/2018,233,SEX CRIMES,175,"SEXUAL ABUSE 3,2",COMPLETED,MISDEMEANOR,N.Y. POLICE DEPT,MANHATTAN,28,INSIDE,RESIDENCE - APT. HOUSE,,,"997,376","233,927",40.80874990400008,-73.95258580599993,"(40.80874990400008, -73.95258580599993)"
776640196,10/07/2016,08:00:00,10/07/2016,18:00:00,04/17/2018,112,THEFT-FRAUD,739,"FRAUD,UNCLASSIFIED-FELONY",COMPLETED,FELONY,N.Y. POLICE DEPT,MANHATTAN,25,INSIDE,PUBLIC BUILDING,,,"1,001,797","232,216",40.80404600700007,-73.93662010299995,"(40.80404600700007, -73.93662010299995)"
171382406,10/10/2016,15:30:00,10/15/2018,18:00:00,10/16/2018,341,PETIT LARCENY,338,"LARCENY,PETIT FROM BUILDING,UN",COMPLETED,MISDEMEANOR,N.Y. POLICE DEPT,MANHATTAN,17,FRONT OF,RESIDENCE - APT. HOUSE,,,"990,489","210,547",40.744585495000074,-73.97748573199993,"(40.744585495000074, -73.97748573199993)"
129064566,10/13/2016,15:00:00,,,12/10/2018,109,GRAND LARCENY,432,"LARCENY,GRAND BY IDENTITY THEFT-UNCLASSIFIED",COMPLETED,FELONY,N.Y. POLICE DEPT,MANHATTAN,26,INSIDE,RESIDENCE - APT. HOUSE,,,"994,973","236,163",40.81489034500004,-73.96126269899997,"(40.81489034500004, -73.96126269899997)"
655869769,10/15/2016,15:30:00,10/15/2016,16:00:00,09/07/2018,578,HARRASSMENT 2,638,"HARASSMENT,SUBD 3,4,5",COMPLETED,VIOLATION,N.Y. TRANSIT POLICE,MANHATTAN,14,,TRANSIT - NYC SUBWAY,,,"987,636","212,439",40.74978011300004,-73.98778087399995,"(40.74978011300004, -73.98778087399995)"
623814286,10/16/2016,00:01:00,06/14/2017,12:00:00,02/21/2018,109,GRAND LARCENY,422,"LARCENY,GRAND BY OPEN CREDIT CARD (NEW ACCT)",COMPLETED,FELONY,N.Y. POLICE DEPT,MANHATTAN,24,INSIDE,RESIDENCE - APT. HOUSE,,,"992,256","228,214",40.793075401000074,-73.97108782299993,"(40.793075401000074, -73.97108782299993)"
617336130,10/16/2016,00:00:00,06/02/2018,19:22:00,06/02/2018,578,HARRASSMENT 2,638,"HARASSMENT,SUBD 3,4,5",COMPLETED,VIOLATION,N.Y. POLICE DEPT,MANHATTAN,30,INSIDE,RESIDENCE - APT. HOUSE,,,"996,507","238,483",40.82125609900004,-73.95571661299994,"(40.82125609900004, -73.95571661299994)"
113168813,10/16/2016,16:30:00,10/16/2018,16:40:00,10/16/2018,109,GRAND LARCENY,406,"LARCENY,GRAND FROM PERSON, BAG OPEN/DIP",COMPLETED,FELONY,N.Y. TRANSIT POLICE,MANHATTAN,14,,TRANSIT - NYC SUBWAY,,,"987,526","211,899",40.74829799100007,-73.98817814399997,"(40.74829799100007, -73.98817814399997)"
738938362,10/17/2016,02:00:00,03/04/2018,16:00:00,03/04/2018,340,FRAUDS,718,"FRAUD,UNCLASSIFIED-MISDEMEANOR",COMPLETED,MISDEMEANOR,N.Y. HOUSING POLICE,MANHATTAN,7,INSIDE,RESIDENCE - PUBLIC HOUSING,,BARUCH,"990,933","200,320",40.71651455500006,-73.97589355099996,"(40.71651455500006, -73.97589355099996)"
655002939,10/17/2016,08:00:00,10/17/2016,08:30:00,11/29/2018,116,SEX CRIMES,168,SODOMY 1,COMPLETED,FELONY,N.Y. POLICE DEPT,MANHATTAN,23,INSIDE,RESIDENCE-HOUSE,,,"998,730","226,827",40.78926022400003,-73.94771000099996,"(40.78926022400003, -73.94771000099996)"
554898695,10/20/2016,12:00:00,12/22/2016,12:00:00,08/14/2018,109,GRAND LARCENY,437,"LARCENY,GRAND BY FALSE PROMISE-IN PERSON CONTACT",COMPLETED,FELONY,N.Y. POLICE DEPT,MANHATTAN,18,INSIDE,JEWELRY,,,"990,251","215,062",40.756978196000034,-73.97834061299993,"(40.756978196000034, -73.97834061299993)"
368338580,10/21/2016,08:00:00,10/24/2018,20:00:00,12/01/2018,341,PETIT LARCENY,305,"LARCENY,PETIT BY CREDIT CARD U",COMPLETED,MISDEMEANOR,N.Y. POLICE DEPT,MANHATTAN,24,INSIDE,RESIDENCE - APT. HOUSE,,,"991,757","227,743",40.79178307100005,-73.97289048599998,"(40.79178307100005, -73.97289048599998)"
478269317,10/26/2016,08:00:00,01/05/2018,17:00:00,02/21/2018,109,GRAND LARCENY,422,"LARCENY,GRAND BY OPEN CREDIT CARD (NEW ACCT)",COMPLETED,FELONY,N.Y. POLICE DEPT,MANHATTAN,34,INSIDE,RESIDENCE - APT. HOUSE,,,"1,003,438","251,058",40.85575848100007,-73.93063877699996,"(40.85575848100007, -73.93063877699996)"
736942748,10/26/2016,08:00:00,04/27/2018,16:00:00,05/14/2018,109,GRAND LARCENY,407,"LARCENY,GRAND BY DISHONEST EMP",COMPLETED,FELONY,N.Y. POLICE DEPT,MANHATTAN,14,INSIDE,COMMERCIAL BUILDING,,,"988,341","212,669",40.75041110700005,-73.98523628599996,"(40.75041110700005, -73.98523628599996)"
928212188,10/29/2016,00:00:00,11/09/2016,00:00:00,02/12/2018,125,NYS LAWS-UNCLASSIFIED FELONY,847,"NY STATE LAWS,UNCLASSIFIED FEL",COMPLETED,FELONY,N.Y. POLICE DEPT,MANHATTAN,5,INSIDE,PUBLIC BUILDING,,,"983,903","200,257",40.71634415200003,-74.00125319299997,"(40.71634415200003, -74.00125319299997)"
598248457,10/30/2016,21:00:00,10/30/2016,21:30:00,01/23/2018,109,GRAND LARCENY,418,"LARCENY,GRAND BY ACQUIRING LOST CREDIT CARD",COMPLETED,FELONY,N.Y. POLICE DEPT,MANHATTAN,10,INSIDE,RESIDENCE - APT. HOUSE,,,"984,340","216,674",40.76140476000006,-73.99967656899997,"(40.76140476000006, -73.99967656899997)"
675446921,10/31/2016,00:01:00,10/21/2018,07:00:00,10/24/2018,361,OFF. AGNST PUB ORD SENSBLTY &,639,AGGRAVATED HARASSMENT 2,COMPLETED,MISDEMEANOR,N.Y. POLICE DEPT,MANHATTAN,34,INSIDE,RESIDENCE - APT. HOUSE,,,"1,004,405","253,314",40.86194836800007,-73.92713638799995,"(40.86194836800007, -73.92713638799995)"
191995705,11/01/2016,00:00:00,11/10/2016,00:00:00,01/10/2018,125,NYS LAWS-UNCLASSIFIED FELONY,847,"NY STATE LAWS,UNCLASSIFIED FEL",COMPLETED,FELONY,N.Y. POLICE DEPT,MANHATTAN,5,INSIDE,PUBLIC BUILDING,,,"983,903","200,257",40.71634415200003,-74.00125319299997,"(40.71634415200003, -74.00125319299997)"
244995083,11/01/2016,09:00:00,03/09/2018,20:55:00,03/09/2018,112,THEFT-FRAUD,772,COMPUTER TAMPER/TRESSPASS,COMPLETED,FELONY,N.Y. POLICE DEPT,MANHATTAN,14,INSIDE,COMMERCIAL BUILDING,,,"985,802","213,781",40.75346407600006,-73.99439974299997,"(40.75346407600006, -73.99439974299997)"
340703673,11/01/2016,00:00:00,11/01/2016,23:59:00,03/20/2018,109,GRAND LARCENY,422,"LARCENY,GRAND BY OPEN CREDIT CARD (NEW ACCT)",COMPLETED,FELONY,N.Y. POLICE DEPT,MANHATTAN,34,INSIDE,RESIDENCE - APT. HOUSE,,,"1,005,202","253,699",40.863003221000035,-73.92425384299997,"(40.863003221000035, -73.92425384299997)"
605503501,11/01/2016,17:00:00,11/30/2016,18:00:00,08/16/2018,104,RAPE,153,RAPE 3,COMPLETED,FELONY,N.Y. POLICE DEPT,MANHATTAN,19,INSIDE,RESIDENCE - APT. HOUSE,,,"994,276","218,779",40.76717676000004,-73.96380668299997,"(40.76717676000004, -73.96380668299997)"
357776609,11/01/2016,12:00:00,12/07/2018,12:00:00,12/13/2018,578,HARRASSMENT 2,638,"HARASSMENT,SUBD 3,4,5",COMPLETED,VIOLATION,N.Y. POLICE DEPT,MANHATTAN,13,INSIDE,COMMERCIAL BUILDING,,,"986,027","211,402",40.746934278000026,-73.99358826699995,"(40.746934278000026, -73.99358826699995)"
617616802,11/02/2016,16:00:00,,,11/12/2018,578,HARRASSMENT 2,637,"HARASSMENT,SUBD 1,CIVILIAN",COMPLETED,VIOLATION,N.Y. POLICE DEPT,MANHATTAN,23,INSIDE,GROCERY/BODEGA,,,"1,000,122","227,205",40.79029534200004,-73.94268219499997,"(40.79029534200004, -73.94268219499997)"
975869468,11/06/2016,01:30:00,11/06/2016,02:00:00,05/10/2018,104,RAPE,159,"RAPE 1,ATTEMPT",ATTEMPTED,FELONY,N.Y. POLICE DEPT,MANHATTAN,6,INSIDE,RESIDENCE - APT. HOUSE,,,"982,752","206,772",40.734226128000046,-74.00540668899998,"(40.734226128000046, -74.00540668899998)"
492288529,11/08/2016,00:01:00,,,01/18/2018,109,GRAND LARCENY,437,"LARCENY,GRAND BY FALSE PROMISE-IN PERSON CONTACT",COMPLETED,FELONY,N.Y. POLICE DEPT,MANHATTAN,18,INSIDE,JEWELRY,,,"990,125","214,834",40.756352479000036,-73.97879561399996,"(40.756352479000036, -73.97879561399996)"
654645618,11/08/2016,20:00:00,,,05/13/2018,233,SEX CRIMES,175,"SEXUAL ABUSE 3,2",COMPLETED,MISDEMEANOR,N.Y. POLICE DEPT,MANHATTAN,18,INSIDE,HOTEL/MOTEL,,,"988,353","217,918",40.764818269000045,-73.98518977299993,"(40.764818269000045, -73.98518977299993)"
342851500,11/16/2016,09:00:00,02/01/2018,23:59:00,02/21/2018,112,THEFT-FRAUD,739,"FRAUD,UNCLASSIFIED-FELONY",COMPLETED,FELONY,N.Y. POLICE DEPT,MANHATTAN,13,INSIDE,RESIDENCE - APT. HOUSE,,,"987,368","207,722",40.73683322200003,-73.988750312,"(40.73683322200003, -73.988750312)"
870003814,11/16/2016,15:00:00,05/10/2018,12:19:00,05/10/2018,578,HARRASSMENT 2,638,"HARASSMENT,SUBD 3,4,5",COMPLETED,VIOLATION,N.Y. POLICE DEPT,MANHATTAN,7,INSIDE,RESIDENCE - APT. HOUSE,,,"987,721","202,253",40.72182201900005,-73.98747935099993,"(40.72182201900005, -73.98747935099993)"
511689414,11/18/2016,14:00:00,01/03/2018,14:00:00,01/05/2018,344,ASSAULT 3 & RELATED OFFENSES,101,ASSAULT 3,COMPLETED,MISDEMEANOR,N.Y. POLICE DEPT,MANHATTAN,17,INSIDE,RESIDENCE - APT. HOUSE,,,"990,598","212,007",40.74859275200004,-73.97709098699994,"(40.74859275200004, -73.97709098699994)"
254850113,11/18/2016,15:00:00,11/29/2016,12:00:00,01/28/2018,109,GRAND LARCENY,403,"LARCENY,GRAND BY BANK ACCT COMPROMISE-REPRODUCED CHECK",COMPLETED,FELONY,N.Y. POLICE DEPT,MANHATTAN,18,INSIDE,JEWELRY,,,"989,741","215,196",40.757346324000025,-73.98018136799993,"(40.757346324000025, -73.98018136799993)"
237085551,11/20/2016,12:00:00,11/26/2016,23:59:00,01/23/2018,344,ASSAULT 3 & RELATED OFFENSES,101,ASSAULT 3,COMPLETED,MISDEMEANOR,N.Y. HOUSING POLICE,MANHATTAN,25,INSIDE,RESIDENCE - PUBLIC HOUSING,,LINCOLN,"1,001,769","234,797",40.811130194000036,-73.93671450599999,"(40.811130194000036, -73.93671450599999)"
311229102,11/20/2016,18:00:00,12/28/2016,18:00:00,02/02/2018,109,GRAND LARCENY,438,"LARCENY,GRAND FROM BUILDING (NON-RESIDENCE) UNATTENDED",COMPLETED,FELONY,N.Y. HOUSING POLICE,MANHATTAN,19,INSIDE,RESIDENCE - PUBLIC HOUSING,,,"999,557","223,723",40.78073917800003,-73.944730538,"(40.78073917800003, -73.944730538)"
728840501,11/24/2016,15:00:00,06/13/2018,15:00:00,06/13/2018,341,PETIT LARCENY,349,"LARCENY,PETIT OF LICENSE PLATE",COMPLETED,MISDEMEANOR,N.Y. HOUSING POLICE,MANHATTAN,32,FRONT OF,RESIDENCE - PUBLIC HOUSING,,RANGEL,"1,002,118","242,744",40.83294176100002,-73.93543259299997,"(40.83294176100002, -73.93543259299997)"
359573664,11/26/2016,09:00:00,11/30/2017,17:00:00,09/20/2018,112,THEFT-FRAUD,739,"FRAUD,UNCLASSIFIED-FELONY",COMPLETED,FELONY,N.Y. POLICE DEPT,MANHATTAN,14,INSIDE,,,,"988,974","212,759",40.750657819000025,-73.98295160999999,"(40.750657819000025, -73.98295160999999)"
571433025,11/28/2016,12:00:00,10/17/2018,12:20:00,10/17/2018,109,GRAND LARCENY,422,"LARCENY,GRAND BY OPEN CREDIT CARD (NEW ACCT)",COMPLETED,FELONY,N.Y. HOUSING POLICE,MANHATTAN,23,INSIDE,RESIDENCE - PUBLIC HOUSING,,,"1,000,866","226,632",40.788721243000055,-73.93999677399995,"(40.788721243000055, -73.93999677399995)"
794975920,11/28/2016,15:06:00,11/28/2018,15:15:00,11/28/2018,341,PETIT LARCENY,333,"LARCENY,PETIT FROM STORE-SHOPL",COMPLETED,MISDEMEANOR,N.Y. POLICE DEPT,MANHATTAN,28,INSIDE,GROCERY/BODEGA,,,"998,271","231,591",40.80233685300004,-73.94935763499996,"(40.80233685300004, -73.94935763499996)"
307927570,11/29/2016,13:00:00,,,01/03/2018,109,GRAND LARCENY,422,"LARCENY,GRAND BY OPEN CREDIT CARD (NEW ACCT)",COMPLETED,FELONY,N.Y. POLICE DEPT,MANHATTAN,28,INSIDE,DEPARTMENT STORE,,,"996,345","230,977",40.80065443600006,-73.95631544699995,"(40.80065443600006, -73.95631544699995)"
758504977,11/30/2016,08:00:00,11/30/2016,18:00:00,04/12/2018,112,THEFT-FRAUD,739,"FRAUD,UNCLASSIFIED-FELONY",COMPLETED,FELONY,N.Y. POLICE DEPT,MANHATTAN,25,INSIDE,PUBLIC BUILDING,,,"1,001,797","232,216",40.80404600700007,-73.93662010299995,"(40.80404600700007, -73.93662010299995)"
958556764,12/01/2016,09:00:00,,,02/05/2018,341,PETIT LARCENY,338,"LARCENY,PETIT FROM BUILDING,UN",COMPLETED,MISDEMEANOR,N.Y. POLICE DEPT,MANHATTAN,33,INSIDE,RESIDENCE - APT. HOUSE,,,"999,911","242,928",40.83345097700004,-73.94340750599997,"(40.83345097700004, -73.94340750599997)"
388970644,12/01/2016,10:00:00,12/22/2017,10:00:00,03/04/2018,109,GRAND LARCENY,443,"LARCENY,GRAND OF BICYCLE",COMPLETED,FELONY,N.Y. POLICE DEPT,MANHATTAN,1,INSIDE,RESIDENCE - APT. HOUSE,,,"982,733","198,432",40.71133483800003,-74.00547336499993,"(40.71133483800003, -74.00547336499993)"
913879880,12/01/2016,20:53:00,,,03/16/2018,121,CRIMINAL MISCHIEF & RELATED OF,273,"TAMPERING 1,CRIMINAL",COMPLETED,FELONY,N.Y. TRANSIT POLICE,MANHATTAN,28,,TRANSIT - NYC SUBWAY,,,"999,342","233,575",40.807780622000045,-73.94548472699995,"(40.807780622000045, -73.94548472699995)"
723730997,12/01/2016,09:00:00,,,03/19/2018,112,THEFT-FRAUD,739,"FRAUD,UNCLASSIFIED-FELONY",COMPLETED,FELONY,N.Y. HOUSING POLICE,MANHATTAN,23,INSIDE,RESIDENCE - PUBLIC HOUSING,,JOHNSON,"1,000,102","229,680",40.79708858400005,-73.94274857999993,"(40.79708858400005, -73.94274857999993)"
620172690,12/01/2016,00:01:00,12/24/2016,23:59:00,05/08/2018,104,RAPE,155,RAPE 2,COMPLETED,FELONY,N.Y. HOUSING POLICE,MANHATTAN,25,INSIDE,RESIDENCE - PUBLIC HOUSING,,LINCOLN,"1,000,555","230,994",40.800694331000045,-73.94110928599997,"(40.800694331000045, -73.94110928599997)"
140477901,12/01/2016,00:01:00,11/12/2018,23:59:00,11/13/2018,104,RAPE,155,RAPE 2,COMPLETED,FELONY,N.Y. POLICE DEPT,MANHATTAN,9,INSIDE,RESIDENCE - APT. HOUSE,,,"987,624","203,977",40.72655401900005,-73.98782842699995,"(40.72655401900005, -73.98782842699995)"
932372770,12/02/2016,11:58:00,11/12/2018,12:53:00,12/09/2018,361,OFF. AGNST PUB ORD SENSBLTY &,639,AGGRAVATED HARASSMENT 2,COMPLETED,MISDEMEANOR,N.Y. POLICE DEPT,MANHATTAN,18,INSIDE,COMMERCIAL BUILDING,,,"991,422","216,650",40.76133597900008,-73.97411215099999,"(40.76133597900008, -73.97411215099999)"
278114175,12/05/2016,16:30:00,01/25/2018,16:00:00,01/30/2018,361,OFF. AGNST PUB ORD SENSBLTY &,639,AGGRAVATED HARASSMENT 2,COMPLETED,MISDEMEANOR,N.Y. POLICE DEPT,MANHATTAN,18,INSIDE,COMMERCIAL BUILDING,,,"989,741","215,196",40.757346324000025,-73.98018136799993,"(40.757346324000025, -73.98018136799993)"
744548390,12/05/2016,14:00:00,12/05/2016,14:30:00,05/03/2018,340,FRAUDS,718,"FRAUD,UNCLASSIFIED-MISDEMEANOR",COMPLETED,MISDEMEANOR,N.Y. POLICE DEPT,MANHATTAN,25,INSIDE,PUBLIC BUILDING,,,"1,001,797","232,216",40.80404600700007,-73.93662010299995,"(40.80404600700007, -73.93662010299995)"
109354995,12/05/2016,12:00:00,01/03/2017,12:00:00,08/01/2018,109,GRAND LARCENY,437,"LARCENY,GRAND BY FALSE PROMISE-IN PERSON CONTACT",COMPLETED,FELONY,N.Y. POLICE DEPT,MANHATTAN,18,INSIDE,JEWELRY,,,"990,251","215,062",40.756978196000034,-73.97834061299993,"(40.756978196000034, -73.97834061299993)"
596043513,12/07/2016,10:00:00,01/18/2018,18:00:00,02/23/2018,109,GRAND LARCENY,407,"LARCENY,GRAND BY DISHONEST EMP",COMPLETED,FELONY,N.Y. POLICE DEPT,MANHATTAN,19,INSIDE,DOCTOR/DENTIST OFFICE,,,"993,538","217,312",40.76315102900003,-73.96647295599996,"(40.76315102900003, -73.96647295599996)"
349346579,12/10/2016,13:00:00,12/18/2018,20:18:00,12/18/2018,361,OFF. AGNST PUB ORD SENSBLTY &,639,AGGRAVATED HARASSMENT 2,COMPLETED,MISDEMEANOR,N.Y. POLICE DEPT,MANHATTAN,26,INSIDE,RESIDENCE - APT. HOUSE,,,"993,876","232,033",40.80355590100004,-73.96523172799994,"(40.80355590100004, -73.96523172799994)"
425544821,12/10/2016,13:00:00,12/18/2018,20:18:00,12/18/2018,578,HARRASSMENT 2,637,"HARASSMENT,SUBD 1,CIVILIAN",COMPLETED,VIOLATION,N.Y. POLICE DEPT,MANHATTAN,24,INSIDE,RESIDENCE - APT. HOUSE,,,"992,586","227,883",40.79216659000008,-73.96989644099993,"(40.79216659000008, -73.96989644099993)"
945860965,12/12/2016,00:00:00,03/31/2017,23:59:00,04/18/2018,115,PROSTITUTION & RELATED OFFENSES,586,SEX TRAFFICKING,COMPLETED,FELONY,PORT AUTHORITY,MANHATTAN,14,INSIDE,BUS TERMINAL,,,"985,679","213,954",40.75393893800003,-73.99484365499995,"(40.75393893800003, -73.99484365499995)"
530406527,12/14/2016,10:00:00,10/02/2018,18:00:00,10/03/2018,361,OFF. AGNST PUB ORD SENSBLTY &,639,AGGRAVATED HARASSMENT 2,COMPLETED,MISDEMEANOR,N.Y. HOUSING POLICE,MANHATTAN,28,FRONT OF,RESIDENCE - PUBLIC HOUSING,,,"998,330","230,187",40.798483162000025,-73.94914747099993,"(40.798483162000025, -73.94914747099993)"
589667703,12/18/2016,17:35:00,,,03/16/2018,121,CRIMINAL MISCHIEF & RELATED OF,273,"TAMPERING 1,CRIMINAL",COMPLETED,FELONY,N.Y. TRANSIT POLICE,MANHATTAN,28,,TRANSIT - NYC SUBWAY,,,"999,342","233,575",40.807780622000045,-73.94548472699995,"(40.807780622000045, -73.94548472699995)"
775120794,12/20/2016,00:01:00,12/20/2016,23:59:00,03/20/2018,233,SEX CRIMES,170,"SEXUAL MISCONDUCT,INTERCOURSE",COMPLETED,MISDEMEANOR,N.Y. POLICE DEPT,MANHATTAN,34,INSIDE,RESIDENCE - APT. HOUSE,,,"1,002,106","249,501",40.85148777400008,-73.93545796699993,"(40.85148777400008, -73.93545796699993)"
348688519,12/20/2016,11:00:00,02/01/2017,12:00:00,09/20/2018,109,GRAND LARCENY,437,"LARCENY,GRAND BY FALSE PROMISE-IN PERSON CONTACT",COMPLETED,FELONY,N.Y. POLICE DEPT,MANHATTAN,18,INSIDE,JEWELRY,,,"989,741","215,196",40.757346324000025,-73.98018136799993,"(40.757346324000025, -73.98018136799993)"
973506302,12/20/2016,22:00:00,12/21/2016,05:00:00,09/22/2018,116,SEX CRIMES,168,SODOMY 1,COMPLETED,FELONY,N.Y. POLICE DEPT,MANHATTAN,6,INSIDE,RESIDENCE - APT. HOUSE,,,"982,752","206,772",40.734226128000046,-74.00540668899998,"(40.734226128000046, -74.00540668899998)"
584037993,12/22/2016,14:00:00,01/05/2017,09:00:00,03/29/2018,109,GRAND LARCENY,437,"LARCENY,GRAND BY FALSE PROMISE-IN PERSON CONTACT",COMPLETED,FELONY,N.Y. POLICE DEPT,MANHATTAN,6,,STREET,,,"984,338","208,351",40.73856022100006,-73.99968389599996,"(40.73856022100006, -73.99968389599996)"
796509162,12/23/2016,09:00:00,02/20/2018,10:00:00,03/11/2018,109,GRAND LARCENY,420,"LARCENY,GRAND BY OPEN/COMPROMISE CELL PHONE ACCT",COMPLETED,FELONY,N.Y. POLICE DEPT,MANHATTAN,34,INSIDE,RESIDENCE - APT. HOUSE,,,"1,005,317","255,575",40.86815199800003,-73.92383218799995,"(40.86815199800003, -73.92383218799995)"
208014115,12/25/2016,22:37:00,10/09/2018,16:24:00,10/09/2018,578,HARRASSMENT 2,638,"HARASSMENT,SUBD 3,4,5",COMPLETED,VIOLATION,N.Y. POLICE DEPT,MANHATTAN,19,INSIDE,RESIDENCE - APT. HOUSE,,,"995,728","216,993",40.762272884000026,-73.95856788099996,"(40.762272884000026, -73.95856788099996)"
519767678,12/26/2016,00:01:00,01/01/2017,00:01:00,01/11/2018,351,CRIMINAL MISCHIEF & RELATED OF,258,"CRIMINAL MISCHIEF 4TH, GRAFFIT",COMPLETED,MISDEMEANOR,N.Y. POLICE DEPT,MANHATTAN,7,,PARKING LOT/GARAGE (PUBLIC),,,"988,934","200,565",40.717188305000036,-73.98310446499994,"(40.717188305000036, -73.98310446499994)"
434208277,12/26/2016,00:01:00,04/11/2018,07:00:00,04/12/2018,109,GRAND LARCENY,439,"LARCENY,GRAND FROM OPEN AREAS, UNATTENDED",COMPLETED,FELONY,N.Y. POLICE DEPT,MANHATTAN,24,INSIDE,MAILBOX OUTSIDE,,,"993,174","228,016",40.79253106600004,-73.96777273499998,"(40.79253106600004, -73.96777273499998)"
963608803,12/27/2016,00:01:00,12/28/2016,23:59:00,12/21/2018,233,SEX CRIMES,175,"SEXUAL ABUSE 3,2",COMPLETED,MISDEMEANOR,N.Y. POLICE DEPT,MANHATTAN,24,INSIDE,RESIDENCE - APT. HOUSE,,,"993,336","229,488",40.796571143000044,-73.96718568699998,"(40.796571143000044, -73.96718568699998)"
809715786,12/30/2016,09:00:00,,10:00:00,05/04/2018,361,OFF. AGNST PUB ORD SENSBLTY &,639,AGGRAVATED HARASSMENT 2,COMPLETED,MISDEMEANOR,N.Y. POLICE DEPT,MANHATTAN,14,INSIDE,COMMERCIAL BUILDING,,,"988,926","211,121",40.74616194600002,-73.98312598999998,"(40.74616194600002, -73.98312598999998)"
843297449,12/30/2016,18:30:00,,,10/08/2018,341,PETIT LARCENY,347,PETIT LARCENY-CHECK FROM MAILB,COMPLETED,MISDEMEANOR,N.Y. POLICE DEPT,MANHATTAN,33,FRONT OF,STREET,,,"1,000,839","244,345",40.83733853700004,-73.94005050299995,"(40.83733853700004, -73.94005050299995)"
